USE Farmacia;

SET IDENTITY_INSERT Far_Submenu ON;
INSERT INTO Far_Submenu (IdSubmenu, NombreSubmenu, Enlace, IdMenu, Orden, Activo, UsuarioCreacion, FechaCreacion, UsuarioModificacion, FechaModificacion) VALUES (193, 'Sub Componentes', '/dispensacion/4/subcomponente/listar', 8, 11, 1, 1, GETDATE(), NULL, NULL);
INSERT INTO Far_Submenu (IdSubmenu, NombreSubmenu, Enlace, IdMenu, Orden, Activo, UsuarioCreacion, FechaCreacion, UsuarioModificacion, FechaModificacion) VALUES (194, 'Sub Componentes', '/dispensacion/5/subcomponente/listar', 11, 11, 1, 1, GETDATE(), NULL, NULL);
INSERT INTO Far_Submenu (IdSubmenu, NombreSubmenu, Enlace, IdMenu, Orden, Activo, UsuarioCreacion, FechaCreacion, UsuarioModificacion, FechaModificacion) VALUES (195, 'Sub Componentes', '/dispensacion/6/subcomponente/listar', 14, 11, 1, 1, GETDATE(), NULL, NULL);
SET IDENTITY_INSERT Far_Submenu OFF;

SET IDENTITY_INSERT Far_Opcion ON;
INSERT INTO dbo.Far_Opcion (IdOpcion, AppOpcion, NombreOpcion, IdSubmenu, Activo, UsuarioCreacion, FechaCreacion, UsuarioModificacion, FechaModificacion) 
	VALUES (562, 'registrar', 'Nuevo', 193, 1, 1, CURRENT_TIMESTAMP, NULL, CURRENT_TIMESTAMP);
INSERT INTO dbo.Far_Opcion (IdOpcion, AppOpcion, NombreOpcion, IdSubmenu, Activo, UsuarioCreacion, FechaCreacion, UsuarioModificacion, FechaModificacion) 
	VALUES (563, 'modificar', 'Editar', 193, 1, 1, CURRENT_TIMESTAMP, NULL, CURRENT_TIMESTAMP);
INSERT INTO dbo.Far_Opcion (IdOpcion, AppOpcion, NombreOpcion, IdSubmenu, Activo, UsuarioCreacion, FechaCreacion, UsuarioModificacion, FechaModificacion) 
	VALUES (564, 'estado', 'Cambiar Estado', 193, 1, 1, CURRENT_TIMESTAMP, NULL, CURRENT_TIMESTAMP);
INSERT INTO dbo.Far_Opcion (IdOpcion, AppOpcion, NombreOpcion, IdSubmenu, Activo, UsuarioCreacion, FechaCreacion, UsuarioModificacion, FechaModificacion) 
	VALUES (565, 'eliminar', 'Eliminar', 193, 1, 1, CURRENT_TIMESTAMP, NULL, CURRENT_TIMESTAMP);

INSERT INTO dbo.Far_Opcion (IdOpcion, AppOpcion, NombreOpcion, IdSubmenu, Activo, UsuarioCreacion, FechaCreacion, UsuarioModificacion, FechaModificacion) 
	VALUES (566, 'registrar', 'Nuevo', 194, 1, 1, CURRENT_TIMESTAMP, NULL, CURRENT_TIMESTAMP);
INSERT INTO dbo.Far_Opcion (IdOpcion, AppOpcion, NombreOpcion, IdSubmenu, Activo, UsuarioCreacion, FechaCreacion, UsuarioModificacion, FechaModificacion) 
	VALUES (567, 'modificar', 'Editar', 194, 1, 1, CURRENT_TIMESTAMP, NULL, CURRENT_TIMESTAMP);
INSERT INTO dbo.Far_Opcion (IdOpcion, AppOpcion, NombreOpcion, IdSubmenu, Activo, UsuarioCreacion, FechaCreacion, UsuarioModificacion, FechaModificacion) 
	VALUES (568, 'estado', 'Cambiar Estado', 194, 1, 1, CURRENT_TIMESTAMP, NULL, CURRENT_TIMESTAMP);
INSERT INTO dbo.Far_Opcion (IdOpcion, AppOpcion, NombreOpcion, IdSubmenu, Activo, UsuarioCreacion, FechaCreacion, UsuarioModificacion, FechaModificacion) 
	VALUES (569, 'eliminar', 'Eliminar', 194, 1, 1, CURRENT_TIMESTAMP, NULL, CURRENT_TIMESTAMP);
-- 
INSERT INTO dbo.Far_Opcion (IdOpcion, AppOpcion, NombreOpcion, IdSubmenu, Activo, UsuarioCreacion, FechaCreacion, UsuarioModificacion, FechaModificacion) 
	VALUES (570, 'registrar', 'Nuevo', 195, 1, 1, CURRENT_TIMESTAMP, NULL, CURRENT_TIMESTAMP);
INSERT INTO dbo.Far_Opcion (IdOpcion, AppOpcion, NombreOpcion, IdSubmenu, Activo, UsuarioCreacion, FechaCreacion, UsuarioModificacion, FechaModificacion) 
	VALUES (571, 'modificar', 'Editar', 195, 1, 1, CURRENT_TIMESTAMP, NULL, CURRENT_TIMESTAMP);
INSERT INTO dbo.Far_Opcion (IdOpcion, AppOpcion, NombreOpcion, IdSubmenu, Activo, UsuarioCreacion, FechaCreacion, UsuarioModificacion, FechaModificacion) 
	VALUES (572, 'estado', 'Cambiar Estado', 195, 1, 1, CURRENT_TIMESTAMP, NULL, CURRENT_TIMESTAMP);
INSERT INTO dbo.Far_Opcion (IdOpcion, AppOpcion, NombreOpcion, IdSubmenu, Activo, UsuarioCreacion, FechaCreacion, UsuarioModificacion, FechaModificacion) 
	VALUES (573, 'eliminar', 'Eliminar', 195, 1, 1, CURRENT_TIMESTAMP, NULL, CURRENT_TIMESTAMP);
SET IDENTITY_INSERT Far_Opcion OFF;

SET IDENTITY_INSERT Far_Perfil_Opcion ON;
INSERT INTO dbo.Far_Perfil_Opcion (IdPerfilOpcion, IdPerfil, IdOpcion, Activo, UsuarioCreacion, FechaCreacion, UsuarioModificacion, FechaModificacion) 
	VALUES (562, 1, 562, 1, 1, CURRENT_TIMESTAMP, NULL, CURRENT_TIMESTAMP);
INSERT INTO dbo.Far_Perfil_Opcion (IdPerfilOpcion, IdPerfil, IdOpcion, Activo, UsuarioCreacion, FechaCreacion, UsuarioModificacion, FechaModificacion) 
	VALUES (563, 1, 563, 1, 1, CURRENT_TIMESTAMP, NULL, CURRENT_TIMESTAMP);
INSERT INTO dbo.Far_Perfil_Opcion (IdPerfilOpcion, IdPerfil, IdOpcion, Activo, UsuarioCreacion, FechaCreacion, UsuarioModificacion, FechaModificacion) 
	VALUES (564, 1, 564, 1, 1, CURRENT_TIMESTAMP, NULL, CURRENT_TIMESTAMP);
INSERT INTO dbo.Far_Perfil_Opcion (IdPerfilOpcion, IdPerfil, IdOpcion, Activo, UsuarioCreacion, FechaCreacion, UsuarioModificacion, FechaModificacion) 
	VALUES (565, 1, 565, 1, 1, CURRENT_TIMESTAMP, NULL, CURRENT_TIMESTAMP);

INSERT INTO dbo.Far_Perfil_Opcion (IdPerfilOpcion, IdPerfil, IdOpcion, Activo, UsuarioCreacion, FechaCreacion, UsuarioModificacion, FechaModificacion) 
	VALUES (566, 1, 566, 1, 1, CURRENT_TIMESTAMP, NULL, CURRENT_TIMESTAMP);
INSERT INTO dbo.Far_Perfil_Opcion (IdPerfilOpcion, IdPerfil, IdOpcion, Activo, UsuarioCreacion, FechaCreacion, UsuarioModificacion, FechaModificacion) 
	VALUES (567, 1, 567, 1, 1, CURRENT_TIMESTAMP, NULL, CURRENT_TIMESTAMP);
INSERT INTO dbo.Far_Perfil_Opcion (IdPerfilOpcion, IdPerfil, IdOpcion, Activo, UsuarioCreacion, FechaCreacion, UsuarioModificacion, FechaModificacion) 
	VALUES (568, 1, 568, 1, 1, CURRENT_TIMESTAMP, NULL, CURRENT_TIMESTAMP);
INSERT INTO dbo.Far_Perfil_Opcion (IdPerfilOpcion, IdPerfil, IdOpcion, Activo, UsuarioCreacion, FechaCreacion, UsuarioModificacion, FechaModificacion) 
	VALUES (569, 1, 569, 1, 1, CURRENT_TIMESTAMP, NULL, CURRENT_TIMESTAMP);

INSERT INTO dbo.Far_Perfil_Opcion (IdPerfilOpcion, IdPerfil, IdOpcion, Activo, UsuarioCreacion, FechaCreacion, UsuarioModificacion, FechaModificacion) 
	VALUES (570, 1, 570, 1, 1, CURRENT_TIMESTAMP, NULL, CURRENT_TIMESTAMP);
INSERT INTO dbo.Far_Perfil_Opcion (IdPerfilOpcion, IdPerfil, IdOpcion, Activo, UsuarioCreacion, FechaCreacion, UsuarioModificacion, FechaModificacion) 
	VALUES (571, 1, 571, 1, 1, CURRENT_TIMESTAMP, NULL, CURRENT_TIMESTAMP);
INSERT INTO dbo.Far_Perfil_Opcion (IdPerfilOpcion, IdPerfil, IdOpcion, Activo, UsuarioCreacion, FechaCreacion, UsuarioModificacion, FechaModificacion) 
	VALUES (572, 1, 572, 1, 1, CURRENT_TIMESTAMP, NULL, CURRENT_TIMESTAMP);
INSERT INTO dbo.Far_Perfil_Opcion (IdPerfilOpcion, IdPerfil, IdOpcion, Activo, UsuarioCreacion, FechaCreacion, UsuarioModificacion, FechaModificacion) 
	VALUES (573, 1, 573, 1, 1, CURRENT_TIMESTAMP, NULL, CURRENT_TIMESTAMP);
SET IDENTITY_INSERT Far_Perfil_Opcion OFF;